Fungi,Function,Plant,Module,Connection,RootSample
OTU97_755,Unknown,Abelia_serrata,5,1,1
OTU97_809,Unknown,Abelia_serrata,5,1,1
OTU97_2271,Unknown,Abelia_serrata,5,1,1
OTU97_503,EcM,Abelia_serrata,5,1,1
OTU97_359,Unknown,Acer_palmatum,7,1,1
OTU97_939,EcM,Acer_palmatum,7,1,1
OTU97_1983,Unknown,Acer_palmatum,7,1,1
OTU97_2115,Unknown,Acer_palmatum,7,1,1
OTU97_2131,Unknown,Camellia_japonica,7,1,1
OTU97_821,Unknown,Camellia_japonica,7,1,1
OTU97_447,Unknown,Camellia_japonica,7,1,1
OTU97_1497,Unknown,Celtis_sinensis,1,1,1
OTU97_2103,Unknown,Celtis_sinensis,1,1,1
OTU97_1279,Unknown,Celtis_sinensis,1,1,1
OTU97_1177,EcM,Celtis_sinensis,1,1,1
OTU97_1401,EcM,Celtis_sinensis,1,1,1
OTU97_2115,Unknown,Celtis_sinensis,1,1,1
OTU97_1789,Unknown,Cinnamomum_camphora,4,1,16
OTU97_1947,Unknown,Cinnamomum_camphora,4,1,16
OTU97_2055,Unknown,Cinnamomum_camphora,4,1,16
OTU97_2275,Unknown,Cinnamomum_camphora,4,1,16
OTU97_559,Unknown,Cinnamomum_camphora,4,1,16
OTU97_69,Unknown,Cinnamomum_camphora,4,1,16
OTU97_1417,Unknown,Cinnamomum_camphora,4,2,16
OTU97_537,Unknown,Cinnamomum_camphora,4,1,16
OTU97_913,Unknown,Cinnamomum_camphora,4,2,16
OTU97_763,AM,Cinnamomum_camphora,4,1,16
OTU97_1279,Unknown,Cinnamomum_camphora,4,1,16
OTU97_1355,Unknown,Cinnamomum_camphora,4,1,16
OTU97_381,Unknown,Cinnamomum_camphora,4,1,16
OTU97_797,AM,Cinnamomum_camphora,4,2,16
OTU97_2227,Unknown,Cinnamomum_camphora,4,1,16
OTU97_657,Unknown,Cinnamomum_camphora,4,1,16
OTU97_293,AM,Cinnamomum_camphora,4,1,16
OTU97_71,Unknown,Cinnamomum_camphora,4,1,16
OTU97_1171,EcM,Cinnamomum_camphora,4,1,16
OTU97_1243,EcM,Cinnamomum_camphora,4,1,16
OTU97_2267,AM,Cinnamomum_camphora,4,1,16
OTU97_1195,AM,Cinnamomum_camphora,4,3,16
OTU97_1237,AM,Cinnamomum_camphora,4,1,16
OTU97_695,Unknown,Cinnamomum_camphora,4,1,16
OTU97_539,Unknown,Cinnamomum_camphora,4,2,16
OTU97_1265,Unknown,Cinnamomum_camphora,4,1,16
OTU97_2159,EcM,Cinnamomum_camphora,4,1,16
OTU97_1915,Unknown,Cinnamomum_camphora,4,2,16
OTU97_2181,Unknown,Cinnamomum_camphora,4,1,16
OTU97_1207,Unknown,Cinnamomum_camphora,4,1,16
OTU97_495,EcM,Cinnamomum_camphora,4,3,16
OTU97_1959,Unknown,Cinnamomum_camphora,4,2,16
OTU97_1177,EcM,Cinnamomum_camphora,4,2,16
OTU97_1449,Unknown,Cinnamomum_camphora,4,1,16
OTU97_447,Unknown,Cinnamomum_camphora,4,2,16
OTU97_1983,Unknown,Cinnamomum_camphora,4,2,16
OTU97_2115,Unknown,Cinnamomum_camphora,4,6,16
OTU97_1421,Unknown,Clethra_barbinervis,2,1,1
OTU97_517,Unknown,Clethra_barbinervis,2,1,1
OTU97_1389,Unknown,Clethra_barbinervis,2,1,1
OTU97_2115,Unknown,Clethra_barbinervis,2,1,1
OTU97_853,Unknown,Cleyera_japonica,2,1,1
OTU97_337,Unknown,Cleyera_japonica,2,1,1
OTU97_1915,Unknown,Cleyera_japonica,2,1,1
OTU97_517,Unknown,Cleyera_japonica,2,1,1
OTU97_1389,Unknown,Cleyera_japonica,2,1,1
OTU97_271,Unknown,Cornus_sp.,7,1,1
OTU97_939,EcM,Cornus_sp.,7,1,1
OTU97_2115,Unknown,Cornus_sp.,7,1,1
OTU97_1379,Unknown,Diospyros_kaki,1,1,1
OTU97_249,EcM,Diospyros_kaki,1,1,1
OTU97_1265,Unknown,Diospyros_kaki,1,1,1
OTU97_93,Unknown,Diospyros_kaki,1,1,1
OTU97_1239,Unknown,Dryopteris_erythrosora,7,1,8
OTU97_1895,EcM,Dryopteris_erythrosora,7,1,8
OTU97_399,Unknown,Dryopteris_erythrosora,7,1,8
OTU97_815,AM,Dryopteris_erythrosora,7,1,8
OTU97_1397,Unknown,Dryopteris_erythrosora,7,1,8
OTU97_1311,EcM,Dryopteris_erythrosora,7,1,8
OTU97_501,Unknown,Dryopteris_erythrosora,7,1,8
OTU97_767,EcM,Dryopteris_erythrosora,7,1,8
OTU97_1195,AM,Dryopteris_erythrosora,7,1,8
OTU97_1237,AM,Dryopteris_erythrosora,7,1,8
OTU97_2137,Unknown,Dryopteris_erythrosora,7,1,8
OTU97_1915,Unknown,Dryopteris_erythrosora,7,3,8
OTU97_93,Unknown,Dryopteris_erythrosora,7,1,8
OTU97_1389,Unknown,Dryopteris_erythrosora,7,1,8
OTU97_1177,EcM,Dryopteris_erythrosora,7,2,8
OTU97_651,EcM,Dryopteris_erythrosora,7,1,8
OTU97_1449,Unknown,Dryopteris_erythrosora,7,2,8
OTU97_447,Unknown,Dryopteris_erythrosora,7,1,8
OTU97_1983,Unknown,Dryopteris_erythrosora,7,3,8
OTU97_2115,Unknown,Dryopteris_erythrosora,7,2,8
OTU97_487,Unknown,Fabaceae_sp.,7,1,1
OTU97_1303,Unknown,Fabaceae_sp.,7,1,1
OTU97_2159,EcM,Fabaceae_sp.,7,1,1
OTU97_1207,Unknown,Fabaceae_sp.,7,1,1
OTU97_1389,Unknown,Fabaceae_sp.,7,1,1
OTU97_2115,Unknown,Fabaceae_sp.,7,1,1
OTU97_1301,Unknown,Gamblea_innovans,7,1,2
OTU97_941,Unknown,Gamblea_innovans,7,1,2
OTU97_1343,EcM,Gamblea_innovans,7,1,2
OTU97_539,Unknown,Gamblea_innovans,7,1,2
OTU97_1265,Unknown,Gamblea_innovans,7,1,2
OTU97_93,Unknown,Gamblea_innovans,7,1,2
OTU97_1207,Unknown,Gamblea_innovans,7,1,2
OTU97_1449,Unknown,Gamblea_innovans,7,1,2
OTU97_1983,Unknown,Gamblea_innovans,7,1,2
OTU97_2367,AM,Ilex_macropoda,7,1,11
OTU97_1353,EcM,Ilex_macropoda,7,1,11
OTU97_1027,EcM,Ilex_macropoda,7,1,11
OTU97_1431,Unknown,Ilex_macropoda,7,1,11
OTU97_1981,Unknown,Ilex_macropoda,7,1,11
OTU97_71,Unknown,Ilex_macropoda,7,1,11
OTU97_1303,Unknown,Ilex_macropoda,7,1,11
OTU97_1265,Unknown,Ilex_macropoda,7,1,11
OTU97_937,Unknown,Ilex_macropoda,7,1,11
OTU97_761,Unknown,Ilex_macropoda,7,1,11
OTU97_517,Unknown,Ilex_macropoda,7,3,11
OTU97_93,Unknown,Ilex_macropoda,7,1,11
OTU97_1959,Unknown,Ilex_macropoda,7,3,11
OTU97_1177,EcM,Ilex_macropoda,7,2,11
OTU97_447,Unknown,Ilex_macropoda,7,2,11
OTU97_1983,Unknown,Ilex_macropoda,7,1,11
OTU97_2115,Unknown,Ilex_macropoda,7,9,11
OTU97_1101,Unknown,Ilex_pedunculosa,4,1,65
OTU97_125,Unknown,Ilex_pedunculosa,4,1,65
OTU97_1325,Unknown,Ilex_pedunculosa,4,1,65
OTU97_1345,Unknown,Ilex_pedunculosa,4,1,65
OTU97_1697,Unknown,Ilex_pedunculosa,4,1,65
OTU97_1745,Unknown,Ilex_pedunculosa,4,1,65
OTU97_1795,Unknown,Ilex_pedunculosa,4,1,65
OTU97_1869,Unknown,Ilex_pedunculosa,4,1,65
OTU97_1893,Unknown,Ilex_pedunculosa,4,1,65
OTU97_1903,Unknown,Ilex_pedunculosa,4,1,65
OTU97_2019,Unknown,Ilex_pedunculosa,4,1,65
OTU97_2069,Unknown,Ilex_pedunculosa,4,1,65
OTU97_2149,Unknown,Ilex_pedunculosa,4,1,65
OTU97_2203,Unknown,Ilex_pedunculosa,4,1,65
OTU97_2255,Unknown,Ilex_pedunculosa,4,1,65
OTU97_507,Unknown,Ilex_pedunculosa,4,1,65
OTU97_509,Unknown,Ilex_pedunculosa,4,1,65
OTU97_757,Unknown,Ilex_pedunculosa,4,1,65
OTU97_903,Unknown,Ilex_pedunculosa,4,1,65
OTU97_1205,Unknown,Ilex_pedunculosa,4,1,65
OTU97_1403,Unknown,Ilex_pedunculosa,4,1,65
OTU97_1581,Unknown,Ilex_pedunculosa,4,1,65
OTU97_159,Unknown,Ilex_pedunculosa,4,2,65
OTU97_2381,Unknown,Ilex_pedunculosa,4,1,65
OTU97_355,Unknown,Ilex_pedunculosa,4,1,65
OTU97_461,Unknown,Ilex_pedunculosa,4,1,65
OTU97_833,Unknown,Ilex_pedunculosa,4,1,65
OTU97_1245,Unknown,Ilex_pedunculosa,4,1,65
OTU97_1327,Unknown,Ilex_pedunculosa,4,1,65
OTU97_1375,Unknown,Ilex_pedunculosa,4,1,65
OTU97_1621,Unknown,Ilex_pedunculosa,4,1,65
OTU97_1937,Unknown,Ilex_pedunculosa,4,1,65
OTU97_1981,Unknown,Ilex_pedunculosa,4,1,65
OTU97_267,Unknown,Ilex_pedunculosa,4,1,65
OTU97_569,AM,Ilex_pedunculosa,4,2,65
OTU97_1275,Unknown,Ilex_pedunculosa,4,2,65
OTU97_1279,Unknown,Ilex_pedunculosa,4,1,65
OTU97_1315,EcM,Ilex_pedunculosa,4,1,65
OTU97_1355,Unknown,Ilex_pedunculosa,4,1,65
OTU97_2315,Unknown,Ilex_pedunculosa,4,3,65
OTU97_381,Unknown,Ilex_pedunculosa,4,1,65
OTU97_49,Unknown,Ilex_pedunculosa,4,1,65
OTU97_497,Unknown,Ilex_pedunculosa,4,1,65
OTU97_1259,Unknown,Ilex_pedunculosa,4,2,65
OTU97_1287,EcM,Ilex_pedunculosa,4,1,65
OTU97_1429,EcM,Ilex_pedunculosa,4,1,65
OTU97_2227,Unknown,Ilex_pedunculosa,4,1,65
OTU97_359,Unknown,Ilex_pedunculosa,4,1,65
OTU97_605,Unknown,Ilex_pedunculosa,4,1,65
OTU97_657,Unknown,Ilex_pedunculosa,4,2,65
OTU97_1153,Unknown,Ilex_pedunculosa,4,1,65
OTU97_293,AM,Ilex_pedunculosa,4,3,65
OTU97_499,Unknown,Ilex_pedunculosa,4,2,65
OTU97_777,Unknown,Ilex_pedunculosa,4,3,65
OTU97_1305,AM,Ilex_pedunculosa,4,5,65
OTU97_1323,EcM,Ilex_pedunculosa,4,1,65
OTU97_2071,Unknown,Ilex_pedunculosa,4,1,65
OTU97_2249,EcM,Ilex_pedunculosa,4,1,65
OTU97_337,Unknown,Ilex_pedunculosa,4,3,65
OTU97_1235,EcM,Ilex_pedunculosa,4,2,65
OTU97_2267,AM,Ilex_pedunculosa,4,6,65
OTU97_1783,Unknown,Ilex_pedunculosa,4,3,65
OTU97_1195,AM,Ilex_pedunculosa,4,2,65
OTU97_1237,AM,Ilex_pedunculosa,4,2,65
OTU97_1267,EcM,Ilex_pedunculosa,4,2,65
OTU97_505,EcM,Ilex_pedunculosa,4,1,65
OTU97_1223,EcM,Ilex_pedunculosa,4,1,65
OTU97_1303,Unknown,Ilex_pedunculosa,4,1,65
OTU97_2159,EcM,Ilex_pedunculosa,4,1,65
OTU97_937,Unknown,Ilex_pedunculosa,4,2,65
OTU97_1915,Unknown,Ilex_pedunculosa,4,7,65
OTU97_2181,Unknown,Ilex_pedunculosa,4,6,65
OTU97_517,Unknown,Ilex_pedunculosa,4,16,65
OTU97_747,Unknown,Ilex_pedunculosa,4,1,65
OTU97_481,Unknown,Ilex_pedunculosa,4,1,65
OTU97_93,Unknown,Ilex_pedunculosa,4,1,65
OTU97_783,EcM,Ilex_pedunculosa,4,3,65
OTU97_1207,Unknown,Ilex_pedunculosa,4,3,65
OTU97_495,EcM,Ilex_pedunculosa,4,1,65
OTU97_939,EcM,Ilex_pedunculosa,4,4,65
OTU97_1389,Unknown,Ilex_pedunculosa,4,3,65
OTU97_1959,Unknown,Ilex_pedunculosa,4,2,65
OTU97_491,EcM,Ilex_pedunculosa,4,1,65
OTU97_1401,EcM,Ilex_pedunculosa,4,2,65
OTU97_1449,Unknown,Ilex_pedunculosa,4,3,65
OTU97_447,Unknown,Ilex_pedunculosa,4,10,65
OTU97_1983,Unknown,Ilex_pedunculosa,4,6,65
OTU97_2115,Unknown,Ilex_pedunculosa,4,42,65
OTU97_27,Unknown,Poales_sp.,2,1,1
OTU97_1389,Unknown,Poales_sp.,2,1,1
OTU97_1401,EcM,Poales_sp.,2,1,1
OTU97_2373,Unknown,Lophatherum_gracile,1,1,7
OTU97_75,Unknown,Lophatherum_gracile,1,1,7
OTU97_1403,Unknown,Lophatherum_gracile,1,1,7
OTU97_609,Unknown,Lophatherum_gracile,1,1,7
OTU97_1269,EcM,Lophatherum_gracile,1,1,7
OTU97_1153,Unknown,Lophatherum_gracile,1,1,7
OTU97_1171,EcM,Lophatherum_gracile,1,1,7
OTU97_1299,Unknown,Lophatherum_gracile,1,1,7
OTU97_1243,EcM,Lophatherum_gracile,1,1,7
OTU97_1379,Unknown,Lophatherum_gracile,1,1,7
OTU97_1395,Unknown,Lophatherum_gracile,1,1,7
OTU97_695,Unknown,Lophatherum_gracile,1,1,7
OTU97_1151,EcM,Lophatherum_gracile,1,2,7
OTU97_2159,EcM,Lophatherum_gracile,1,1,7
OTU97_93,Unknown,Lophatherum_gracile,1,2,7
OTU97_783,EcM,Lophatherum_gracile,1,1,7
OTU97_1177,EcM,Lophatherum_gracile,1,1,7
OTU97_2115,Unknown,Lophatherum_gracile,1,1,7
OTU97_1,Unknown,Lyonia_ovalifolia,2,1,65
OTU97_1031,Unknown,Lyonia_ovalifolia,2,1,65
OTU97_1145,Unknown,Lyonia_ovalifolia,2,1,65
OTU97_1159,Unknown,Lyonia_ovalifolia,2,1,65
OTU97_1201,Unknown,Lyonia_ovalifolia,2,1,65
OTU97_1321,Unknown,Lyonia_ovalifolia,2,1,65
OTU97_1331,EcM,Lyonia_ovalifolia,2,1,65
OTU97_1335,Unknown,Lyonia_ovalifolia,2,1,65
OTU97_1381,Unknown,Lyonia_ovalifolia,2,1,65
OTU97_1423,Unknown,Lyonia_ovalifolia,2,1,65
OTU97_1453,Unknown,Lyonia_ovalifolia,2,1,65
OTU97_155,Unknown,Lyonia_ovalifolia,2,1,65
OTU97_1601,Unknown,Lyonia_ovalifolia,2,1,65
OTU97_1707,EcM,Lyonia_ovalifolia,2,1,65
OTU97_1831,Unknown,Lyonia_ovalifolia,2,1,65
OTU97_1871,Unknown,Lyonia_ovalifolia,2,1,65
OTU97_1939,EcM,Lyonia_ovalifolia,2,1,65
OTU97_1969,Unknown,Lyonia_ovalifolia,2,1,65
OTU97_1997,Unknown,Lyonia_ovalifolia,2,1,65
OTU97_201,EcM,Lyonia_ovalifolia,2,1,65
OTU97_2045,EcM,Lyonia_ovalifolia,2,1,65
OTU97_2083,EcM,Lyonia_ovalifolia,2,1,65
OTU97_2399,Unknown,Lyonia_ovalifolia,2,1,65
OTU97_43,Unknown,Lyonia_ovalifolia,2,1,65
OTU97_583,Unknown,Lyonia_ovalifolia,2,1,65
OTU97_663,Unknown,Lyonia_ovalifolia,2,1,65
OTU97_675,Unknown,Lyonia_ovalifolia,2,1,65
OTU97_1675,EcM,Lyonia_ovalifolia,2,2,65
OTU97_1805,Unknown,Lyonia_ovalifolia,2,2,65
OTU97_217,EcM,Lyonia_ovalifolia,2,1,65
OTU97_2195,Unknown,Lyonia_ovalifolia,2,1,65
OTU97_2381,Unknown,Lyonia_ovalifolia,2,1,65
OTU97_355,Unknown,Lyonia_ovalifolia,2,1,65
OTU97_681,Unknown,Lyonia_ovalifolia,2,1,65
OTU97_1333,Unknown,Lyonia_ovalifolia,2,1,65
OTU97_1351,EcM,Lyonia_ovalifolia,2,1,65
OTU97_1591,EcM,Lyonia_ovalifolia,2,1,65
OTU97_449,Unknown,Lyonia_ovalifolia,2,3,65
OTU97_487,Unknown,Lyonia_ovalifolia,2,1,65
OTU97_793,Unknown,Lyonia_ovalifolia,2,3,65
OTU97_945,Unknown,Lyonia_ovalifolia,2,2,65
OTU97_1355,Unknown,Lyonia_ovalifolia,2,1,65
OTU97_1413,Unknown,Lyonia_ovalifolia,2,1,65
OTU97_1415,Unknown,Lyonia_ovalifolia,2,4,65
OTU97_223,Unknown,Lyonia_ovalifolia,2,3,65
OTU97_489,Unknown,Lyonia_ovalifolia,2,4,65
OTU97_49,Unknown,Lyonia_ovalifolia,2,3,65
OTU97_705,Unknown,Lyonia_ovalifolia,2,1,65
OTU97_1241,EcM,Lyonia_ovalifolia,2,1,65
OTU97_1259,Unknown,Lyonia_ovalifolia,2,2,65
OTU97_1287,EcM,Lyonia_ovalifolia,2,1,65
OTU97_1429,EcM,Lyonia_ovalifolia,2,2,65
OTU97_483,EcM,Lyonia_ovalifolia,2,1,65
OTU97_501,Unknown,Lyonia_ovalifolia,2,3,65
OTU97_605,Unknown,Lyonia_ovalifolia,2,1,65
OTU97_425,EcM,Lyonia_ovalifolia,2,1,65
OTU97_71,Unknown,Lyonia_ovalifolia,2,1,65
OTU97_777,Unknown,Lyonia_ovalifolia,2,1,65
OTU97_853,Unknown,Lyonia_ovalifolia,2,2,65
OTU97_1369,Unknown,Lyonia_ovalifolia,2,1,65
OTU97_767,EcM,Lyonia_ovalifolia,2,1,65
OTU97_337,Unknown,Lyonia_ovalifolia,2,1,65
OTU97_1379,Unknown,Lyonia_ovalifolia,2,1,65
OTU97_1385,EcM,Lyonia_ovalifolia,2,2,65
OTU97_1783,Unknown,Lyonia_ovalifolia,2,3,65
OTU97_1267,EcM,Lyonia_ovalifolia,2,3,65
OTU97_2137,Unknown,Lyonia_ovalifolia,2,1,65
OTU97_1229,Unknown,Lyonia_ovalifolia,2,1,65
OTU97_1253,Unknown,Lyonia_ovalifolia,2,4,65
OTU97_539,Unknown,Lyonia_ovalifolia,2,1,65
OTU97_1223,EcM,Lyonia_ovalifolia,2,1,65
OTU97_1303,Unknown,Lyonia_ovalifolia,2,1,65
OTU97_1151,EcM,Lyonia_ovalifolia,2,3,65
OTU97_1265,Unknown,Lyonia_ovalifolia,2,3,65
OTU97_937,Unknown,Lyonia_ovalifolia,2,3,65
OTU97_761,Unknown,Lyonia_ovalifolia,2,1,65
OTU97_1915,Unknown,Lyonia_ovalifolia,2,3,65
OTU97_2181,Unknown,Lyonia_ovalifolia,2,3,65
OTU97_517,Unknown,Lyonia_ovalifolia,2,3,65
OTU97_747,Unknown,Lyonia_ovalifolia,2,13,65
OTU97_481,Unknown,Lyonia_ovalifolia,2,9,65
OTU97_93,Unknown,Lyonia_ovalifolia,2,5,65
OTU97_1117,Unknown,Lyonia_ovalifolia,2,1,65
OTU97_27,Unknown,Lyonia_ovalifolia,2,1,65
OTU97_783,EcM,Lyonia_ovalifolia,2,6,65
OTU97_1207,Unknown,Lyonia_ovalifolia,2,3,65
OTU97_503,EcM,Lyonia_ovalifolia,2,1,65
OTU97_939,EcM,Lyonia_ovalifolia,2,5,65
OTU97_1389,Unknown,Lyonia_ovalifolia,2,19,65
OTU97_1959,Unknown,Lyonia_ovalifolia,2,22,65
OTU97_1177,EcM,Lyonia_ovalifolia,2,5,65
OTU97_1401,EcM,Lyonia_ovalifolia,2,5,65
OTU97_1449,Unknown,Lyonia_ovalifolia,2,7,65
OTU97_447,Unknown,Lyonia_ovalifolia,2,3,65
OTU97_1983,Unknown,Lyonia_ovalifolia,2,6,65
OTU97_2115,Unknown,Lyonia_ovalifolia,2,18,65
OTU97_1025,Unknown,Mallotus_japonicus,7,1,8
OTU97_1759,Unknown,Mallotus_japonicus,7,1,8
OTU97_19,EcM,Mallotus_japonicus,7,1,8
OTU97_1995,Unknown,Mallotus_japonicus,7,1,8
OTU97_569,AM,Mallotus_japonicus,7,1,8
OTU97_2249,EcM,Mallotus_japonicus,7,1,8
OTU97_2267,AM,Mallotus_japonicus,7,1,8
OTU97_1195,AM,Mallotus_japonicus,7,1,8
OTU97_1237,AM,Mallotus_japonicus,7,2,8
OTU97_1303,Unknown,Mallotus_japonicus,7,1,8
OTU97_1265,Unknown,Mallotus_japonicus,7,1,8
OTU97_937,Unknown,Mallotus_japonicus,7,2,8
OTU97_481,Unknown,Mallotus_japonicus,7,1,8
OTU97_1117,Unknown,Mallotus_japonicus,7,1,8
OTU97_939,EcM,Mallotus_japonicus,7,1,8
OTU97_1959,Unknown,Mallotus_japonicus,7,1,8
OTU97_1983,Unknown,Mallotus_japonicus,7,1,8
OTU97_2115,Unknown,Mallotus_japonicus,7,2,8
OTU97_519,Unknown,Myrica_rubra,7,1,1
OTU97_63,Unknown,Myrica_rubra,7,1,1
OTU97_1395,Unknown,Myrica_rubra,7,1,1
OTU97_481,Unknown,Myrica_rubra,7,1,1
OTU97_1983,Unknown,Myrica_rubra,7,1,1
OTU97_2349,Unknown,Parthenocissus_tricuspidata,7,1,1
OTU97_939,EcM,Parthenocissus_tricuspidata,7,1,1
OTU97_1983,Unknown,Parthenocissus_tricuspidata,7,1,1
OTU97_2115,Unknown,Parthenocissus_tricuspidata,7,1,1
OTU97_2003,Unknown,Photinia_glabra,7,1,8
OTU97_245,Unknown,Photinia_glabra,7,1,8
OTU97_889,Unknown,Photinia_glabra,7,1,8
OTU97_777,Unknown,Photinia_glabra,7,1,8
OTU97_1305,AM,Photinia_glabra,7,1,8
OTU97_1369,Unknown,Photinia_glabra,7,1,8
OTU97_1229,Unknown,Photinia_glabra,7,1,8
OTU97_1395,Unknown,Photinia_glabra,7,1,8
OTU97_1151,EcM,Photinia_glabra,7,1,8
OTU97_2159,EcM,Photinia_glabra,7,1,8
OTU97_937,Unknown,Photinia_glabra,7,1,8
OTU97_2181,Unknown,Photinia_glabra,7,1,8
OTU97_1117,Unknown,Photinia_glabra,7,1,8
OTU97_1207,Unknown,Photinia_glabra,7,1,8
OTU97_651,EcM,Photinia_glabra,7,1,8
OTU97_1449,Unknown,Photinia_glabra,7,3,8
OTU97_447,Unknown,Photinia_glabra,7,2,8
OTU97_1983,Unknown,Photinia_glabra,7,4,8
OTU97_2115,Unknown,Photinia_glabra,7,5,8
OTU97_1433,EcM,Pinus_densiflora,6,1,63
OTU97_157,Unknown,Pinus_densiflora,6,1,63
OTU97_1587,Unknown,Pinus_densiflora,6,1,63
OTU97_1689,Unknown,Pinus_densiflora,6,1,63
OTU97_1791,Unknown,Pinus_densiflora,6,1,63
OTU97_1815,Unknown,Pinus_densiflora,6,1,63
OTU97_1889,EcM,Pinus_densiflora,6,1,63
OTU97_1963,Unknown,Pinus_densiflora,6,1,63
OTU97_2013,Unknown,Pinus_densiflora,6,1,63
OTU97_241,Unknown,Pinus_densiflora,6,1,63
OTU97_391,Unknown,Pinus_densiflora,6,1,63
OTU97_407,Unknown,Pinus_densiflora,6,1,63
OTU97_545,Unknown,Pinus_densiflora,6,1,63
OTU97_565,EcM,Pinus_densiflora,6,1,63
OTU97_659,Unknown,Pinus_densiflora,6,1,63
OTU97_687,Unknown,Pinus_densiflora,6,1,63
OTU97_805,Unknown,Pinus_densiflora,6,1,63
OTU97_1411,EcM,Pinus_densiflora,6,2,63
OTU97_1755,EcM,Pinus_densiflora,6,1,63
OTU97_2195,Unknown,Pinus_densiflora,6,1,63
OTU97_597,Unknown,Pinus_densiflora,6,2,63
OTU97_861,EcM,Pinus_densiflora,6,1,63
OTU97_891,EcM,Pinus_densiflora,6,1,63
OTU97_1209,Unknown,Pinus_densiflora,6,1,63
OTU97_1351,EcM,Pinus_densiflora,6,2,63
OTU97_1591,EcM,Pinus_densiflora,6,1,63
OTU97_267,Unknown,Pinus_densiflora,6,2,63
OTU97_487,Unknown,Pinus_densiflora,6,1,63
OTU97_899,Unknown,Pinus_densiflora,6,1,63
OTU97_945,Unknown,Pinus_densiflora,6,1,63
OTU97_1315,EcM,Pinus_densiflora,6,1,63
OTU97_1365,Unknown,Pinus_densiflora,6,1,63
OTU97_561,EcM,Pinus_densiflora,6,2,63
OTU97_705,Unknown,Pinus_densiflora,6,2,63
OTU97_1187,Unknown,Pinus_densiflora,6,5,63
OTU97_1241,EcM,Pinus_densiflora,6,1,63
OTU97_605,Unknown,Pinus_densiflora,6,1,63
OTU97_657,Unknown,Pinus_densiflora,6,1,63
OTU97_1175,Unknown,Pinus_densiflora,6,6,63
OTU97_1369,Unknown,Pinus_densiflora,6,5,63
OTU97_2071,Unknown,Pinus_densiflora,6,1,63
OTU97_767,EcM,Pinus_densiflora,6,1,63
OTU97_2249,EcM,Pinus_densiflora,6,2,63
OTU97_337,Unknown,Pinus_densiflora,6,2,63
OTU97_1783,Unknown,Pinus_densiflora,6,3,63
OTU97_1195,AM,Pinus_densiflora,6,1,63
OTU97_1225,Unknown,Pinus_densiflora,6,1,63
OTU97_1267,EcM,Pinus_densiflora,6,2,63
OTU97_2137,Unknown,Pinus_densiflora,6,1,63
OTU97_1165,EcM,Pinus_densiflora,6,2,63
OTU97_1229,Unknown,Pinus_densiflora,6,1,63
OTU97_1253,Unknown,Pinus_densiflora,6,5,63
OTU97_1223,EcM,Pinus_densiflora,6,1,63
OTU97_249,EcM,Pinus_densiflora,6,1,63
OTU97_1151,EcM,Pinus_densiflora,6,3,63
OTU97_1265,Unknown,Pinus_densiflora,6,1,63
OTU97_2159,EcM,Pinus_densiflora,6,2,63
OTU97_5,EcM,Pinus_densiflora,6,4,63
OTU97_937,Unknown,Pinus_densiflora,6,1,63
OTU97_2293,EcM,Pinus_densiflora,6,1,63
OTU97_1915,Unknown,Pinus_densiflora,6,2,63
OTU97_2181,Unknown,Pinus_densiflora,6,6,63
OTU97_517,Unknown,Pinus_densiflora,6,2,63
OTU97_747,Unknown,Pinus_densiflora,6,10,63
OTU97_481,Unknown,Pinus_densiflora,6,2,63
OTU97_93,Unknown,Pinus_densiflora,6,5,63
OTU97_1117,Unknown,Pinus_densiflora,6,18,63
OTU97_783,EcM,Pinus_densiflora,6,10,63
OTU97_1207,Unknown,Pinus_densiflora,6,3,63
OTU97_495,EcM,Pinus_densiflora,6,1,63
OTU97_503,EcM,Pinus_densiflora,6,3,63
OTU97_939,EcM,Pinus_densiflora,6,3,63
OTU97_1389,Unknown,Pinus_densiflora,6,4,63
OTU97_1959,Unknown,Pinus_densiflora,6,1,63
OTU97_1177,EcM,Pinus_densiflora,6,4,63
OTU97_1401,EcM,Pinus_densiflora,6,5,63
OTU97_1449,Unknown,Pinus_densiflora,6,6,63
OTU97_447,Unknown,Pinus_densiflora,6,2,63
OTU97_1983,Unknown,Pinus_densiflora,6,9,63
OTU97_2115,Unknown,Pinus_densiflora,6,27,63
OTU97_167,EcM,Pleioblastus_chino,1,1,11
OTU97_1957,Unknown,Pleioblastus_chino,1,1,11
OTU97_2201,Unknown,Pleioblastus_chino,1,1,11
OTU97_277,Unknown,Pleioblastus_chino,1,1,11
OTU97_285,Unknown,Pleioblastus_chino,1,1,11
OTU97_365,Unknown,Pleioblastus_chino,1,1,11
OTU97_377,Unknown,Pleioblastus_chino,1,1,11
OTU97_53,EcM,Pleioblastus_chino,1,1,11
OTU97_631,Unknown,Pleioblastus_chino,1,1,11
OTU97_669,Unknown,Pleioblastus_chino,1,1,11
OTU97_713,Unknown,Pleioblastus_chino,1,1,11
OTU97_79,Unknown,Pleioblastus_chino,1,1,11
OTU97_1141,Unknown,Pleioblastus_chino,1,1,11
OTU97_2027,Unknown,Pleioblastus_chino,1,1,11
OTU97_609,Unknown,Pleioblastus_chino,1,1,11
OTU97_553,Unknown,Pleioblastus_chino,1,1,11
OTU97_763,AM,Pleioblastus_chino,1,1,11
OTU97_1279,Unknown,Pleioblastus_chino,1,1,11
OTU97_1315,EcM,Pleioblastus_chino,1,1,11
OTU97_1397,Unknown,Pleioblastus_chino,1,1,11
OTU97_643,Unknown,Pleioblastus_chino,1,1,11
OTU97_797,AM,Pleioblastus_chino,1,1,11
OTU97_1311,EcM,Pleioblastus_chino,1,1,11
OTU97_137,Unknown,Pleioblastus_chino,1,1,11
OTU97_1171,EcM,Pleioblastus_chino,1,2,11
OTU97_1299,Unknown,Pleioblastus_chino,1,1,11
OTU97_1211,Unknown,Pleioblastus_chino,1,1,11
OTU97_1237,AM,Pleioblastus_chino,1,2,11
OTU97_249,EcM,Pleioblastus_chino,1,1,11
OTU97_1915,Unknown,Pleioblastus_chino,1,2,11
OTU97_93,Unknown,Pleioblastus_chino,1,2,11
OTU97_503,EcM,Pleioblastus_chino,1,1,11
OTU97_939,EcM,Pleioblastus_chino,1,1,11
OTU97_1177,EcM,Pleioblastus_chino,1,1,11
OTU97_1401,EcM,Pleioblastus_chino,1,1,11
OTU97_447,Unknown,Pleioblastus_chino,1,2,11
OTU97_1983,Unknown,Pleioblastus_chino,1,2,11
OTU97_2115,Unknown,Pleioblastus_chino,1,4,11
OTU97_1263,Unknown,Prunus_grayana,4,1,46
OTU97_1357,Unknown,Prunus_grayana,4,1,46
OTU97_1613,Unknown,Prunus_grayana,4,1,46
OTU97_1733,Unknown,Prunus_grayana,4,1,46
OTU97_1875,Unknown,Prunus_grayana,4,1,46
OTU97_2033,Unknown,Prunus_grayana,4,1,46
OTU97_2037,Unknown,Prunus_grayana,4,1,46
OTU97_2135,Unknown,Prunus_grayana,4,1,46
OTU97_2375,Unknown,Prunus_grayana,4,1,46
OTU97_287,Unknown,Prunus_grayana,4,1,46
OTU97_33,Unknown,Prunus_grayana,4,1,46
OTU97_81,Unknown,Prunus_grayana,4,1,46
OTU97_845,Unknown,Prunus_grayana,4,1,46
OTU97_855,Unknown,Prunus_grayana,4,1,46
OTU97_1071,Unknown,Prunus_grayana,4,1,46
OTU97_1141,Unknown,Prunus_grayana,4,1,46
OTU97_1181,Unknown,Prunus_grayana,4,2,46
OTU97_1233,Unknown,Prunus_grayana,4,1,46
OTU97_1349,Unknown,Prunus_grayana,4,1,46
OTU97_1515,Unknown,Prunus_grayana,4,2,46
OTU97_2211,Unknown,Prunus_grayana,4,2,46
OTU97_471,Unknown,Prunus_grayana,4,1,46
OTU97_739,AM,Prunus_grayana,4,1,46
OTU97_1027,EcM,Prunus_grayana,4,1,46
OTU97_1281,EcM,Prunus_grayana,4,1,46
OTU97_1327,Unknown,Prunus_grayana,4,2,46
OTU97_1333,Unknown,Prunus_grayana,4,2,46
OTU97_1375,Unknown,Prunus_grayana,4,1,46
OTU97_1937,Unknown,Prunus_grayana,4,2,46
OTU97_1981,Unknown,Prunus_grayana,4,1,46
OTU97_553,Unknown,Prunus_grayana,4,1,46
OTU97_763,AM,Prunus_grayana,4,1,46
OTU97_835,Unknown,Prunus_grayana,4,1,46
OTU97_899,Unknown,Prunus_grayana,4,1,46
OTU97_1355,Unknown,Prunus_grayana,4,1,46
OTU97_1365,Unknown,Prunus_grayana,4,1,46
OTU97_223,Unknown,Prunus_grayana,4,1,46
OTU97_381,Unknown,Prunus_grayana,4,2,46
OTU97_497,Unknown,Prunus_grayana,4,3,46
OTU97_655,Unknown,Prunus_grayana,4,1,46
OTU97_705,Unknown,Prunus_grayana,4,1,46
OTU97_797,AM,Prunus_grayana,4,1,46
OTU97_1259,Unknown,Prunus_grayana,4,1,46
OTU97_137,Unknown,Prunus_grayana,4,1,46
OTU97_2227,Unknown,Prunus_grayana,4,2,46
OTU97_359,Unknown,Prunus_grayana,4,1,46
OTU97_501,Unknown,Prunus_grayana,4,1,46
OTU97_657,Unknown,Prunus_grayana,4,1,46
OTU97_1153,Unknown,Prunus_grayana,4,1,46
OTU97_1231,Unknown,Prunus_grayana,4,1,46
OTU97_2005,Unknown,Prunus_grayana,4,3,46
OTU97_293,AM,Prunus_grayana,4,1,46
OTU97_499,Unknown,Prunus_grayana,4,2,46
OTU97_71,Unknown,Prunus_grayana,4,1,46
OTU97_1199,Unknown,Prunus_grayana,4,3,46
OTU97_1305,AM,Prunus_grayana,4,2,46
OTU97_767,EcM,Prunus_grayana,4,1,46
OTU97_1299,Unknown,Prunus_grayana,4,1,46
OTU97_2249,EcM,Prunus_grayana,4,2,46
OTU97_337,Unknown,Prunus_grayana,4,1,46
OTU97_1379,Unknown,Prunus_grayana,4,1,46
OTU97_2267,AM,Prunus_grayana,4,1,46
OTU97_1211,Unknown,Prunus_grayana,4,1,46
OTU97_1195,AM,Prunus_grayana,4,4,46
OTU97_1237,AM,Prunus_grayana,4,2,46
OTU97_1165,EcM,Prunus_grayana,4,1,46
OTU97_1229,Unknown,Prunus_grayana,4,2,46
OTU97_1253,Unknown,Prunus_grayana,4,2,46
OTU97_1395,Unknown,Prunus_grayana,4,1,46
OTU97_695,Unknown,Prunus_grayana,4,1,46
OTU97_539,Unknown,Prunus_grayana,4,3,46
OTU97_1303,Unknown,Prunus_grayana,4,3,46
OTU97_249,EcM,Prunus_grayana,4,1,46
OTU97_1151,EcM,Prunus_grayana,4,1,46
OTU97_1265,Unknown,Prunus_grayana,4,3,46
OTU97_5,EcM,Prunus_grayana,4,2,46
OTU97_937,Unknown,Prunus_grayana,4,1,46
OTU97_1915,Unknown,Prunus_grayana,4,2,46
OTU97_747,Unknown,Prunus_grayana,4,1,46
OTU97_481,Unknown,Prunus_grayana,4,1,46
OTU97_93,Unknown,Prunus_grayana,4,2,46
OTU97_1117,Unknown,Prunus_grayana,4,2,46
OTU97_1207,Unknown,Prunus_grayana,4,10,46
OTU97_495,EcM,Prunus_grayana,4,2,46
OTU97_503,EcM,Prunus_grayana,4,3,46
OTU97_939,EcM,Prunus_grayana,4,1,46
OTU97_1389,Unknown,Prunus_grayana,4,3,46
OTU97_1959,Unknown,Prunus_grayana,4,2,46
OTU97_1177,EcM,Prunus_grayana,4,1,46
OTU97_651,EcM,Prunus_grayana,4,1,46
OTU97_1401,EcM,Prunus_grayana,4,4,46
OTU97_1449,Unknown,Prunus_grayana,4,3,46
OTU97_447,Unknown,Prunus_grayana,4,3,46
OTU97_1983,Unknown,Prunus_grayana,4,12,46
OTU97_2115,Unknown,Prunus_grayana,4,19,46
OTU97_1387,Unknown,Prunus_jamasakura,8,1,18
OTU97_151,Unknown,Prunus_jamasakura,8,1,18
OTU97_1633,Unknown,Prunus_jamasakura,8,1,18
OTU97_1687,EcM,Prunus_jamasakura,8,1,18
OTU97_1725,Unknown,Prunus_jamasakura,8,1,18
OTU97_2371,Unknown,Prunus_jamasakura,8,1,18
OTU97_585,Unknown,Prunus_jamasakura,8,1,18
OTU97_677,Unknown,Prunus_jamasakura,8,1,18
OTU97_921,AM,Prunus_jamasakura,8,1,18
OTU97_97,Unknown,Prunus_jamasakura,8,1,18
OTU97_537,Unknown,Prunus_jamasakura,8,1,18
OTU97_739,AM,Prunus_jamasakura,8,1,18
OTU97_829,AM,Prunus_jamasakura,8,1,18
OTU97_847,Unknown,Prunus_jamasakura,8,2,18
OTU97_861,EcM,Prunus_jamasakura,8,1,18
OTU97_835,Unknown,Prunus_jamasakura,8,2,18
OTU97_2315,Unknown,Prunus_jamasakura,8,1,18
OTU97_359,Unknown,Prunus_jamasakura,8,1,18
OTU97_1231,Unknown,Prunus_jamasakura,8,1,18
OTU97_293,AM,Prunus_jamasakura,8,1,18
OTU97_499,Unknown,Prunus_jamasakura,8,2,18
OTU97_71,Unknown,Prunus_jamasakura,8,1,18
OTU97_1155,EcM,Prunus_jamasakura,8,1,18
OTU97_1171,EcM,Prunus_jamasakura,8,1,18
OTU97_1199,Unknown,Prunus_jamasakura,8,2,18
OTU97_1323,EcM,Prunus_jamasakura,8,1,18
OTU97_1299,Unknown,Prunus_jamasakura,8,1,18
OTU97_2267,AM,Prunus_jamasakura,8,1,18
OTU97_1267,EcM,Prunus_jamasakura,8,1,18
OTU97_2137,Unknown,Prunus_jamasakura,8,1,18
OTU97_1253,Unknown,Prunus_jamasakura,8,2,18
OTU97_1395,Unknown,Prunus_jamasakura,8,1,18
OTU97_695,Unknown,Prunus_jamasakura,8,2,18
OTU97_539,Unknown,Prunus_jamasakura,8,2,18
OTU97_1303,Unknown,Prunus_jamasakura,8,2,18
OTU97_1265,Unknown,Prunus_jamasakura,8,2,18
OTU97_2181,Unknown,Prunus_jamasakura,8,1,18
OTU97_1117,Unknown,Prunus_jamasakura,8,1,18
OTU97_1207,Unknown,Prunus_jamasakura,8,1,18
OTU97_939,EcM,Prunus_jamasakura,8,2,18
OTU97_1401,EcM,Prunus_jamasakura,8,1,18
OTU97_1449,Unknown,Prunus_jamasakura,8,4,18
OTU97_2115,Unknown,Prunus_jamasakura,8,14,18
OTU97_1131,EcM,Quercus_glauca,3,1,262
OTU97_1169,Unknown,Quercus_glauca,3,1,262
OTU97_1185,Unknown,Quercus_glauca,3,1,262
OTU97_119,Unknown,Quercus_glauca,3,1,262
OTU97_1213,Unknown,Quercus_glauca,3,1,262
OTU97_1215,Unknown,Quercus_glauca,3,1,262
OTU97_1255,Unknown,Quercus_glauca,3,1,262
OTU97_1283,EcM,Quercus_glauca,3,1,262
OTU97_1293,Unknown,Quercus_glauca,3,1,262
OTU97_1309,Unknown,Quercus_glauca,3,1,262
OTU97_1363,EcM,Quercus_glauca,3,1,262
OTU97_1367,Unknown,Quercus_glauca,3,1,262
OTU97_1391,Unknown,Quercus_glauca,3,1,262
OTU97_1399,Unknown,Quercus_glauca,3,1,262
OTU97_1425,Unknown,Quercus_glauca,3,1,262
OTU97_1503,EcM,Quercus_glauca,3,1,262
OTU97_153,Unknown,Quercus_glauca,3,1,262
OTU97_1563,Unknown,Quercus_glauca,3,1,262
OTU97_1595,EcM,Quercus_glauca,3,1,262
OTU97_1715,Unknown,Quercus_glauca,3,1,262
OTU97_1721,Unknown,Quercus_glauca,3,1,262
OTU97_1757,Unknown,Quercus_glauca,3,1,262
OTU97_187,Unknown,Quercus_glauca,3,1,262
OTU97_1877,Unknown,Quercus_glauca,3,1,262
OTU97_1921,Unknown,Quercus_glauca,3,1,262
OTU97_197,EcM,Quercus_glauca,3,1,262
OTU97_1993,Unknown,Quercus_glauca,3,1,262
OTU97_2077,Unknown,Quercus_glauca,3,1,262
OTU97_2193,Unknown,Quercus_glauca,3,1,262
OTU97_2297,Unknown,Quercus_glauca,3,1,262
OTU97_2353,Unknown,Quercus_glauca,3,1,262
OTU97_2365,Unknown,Quercus_glauca,3,1,262
OTU97_2395,Unknown,Quercus_glauca,3,1,262
OTU97_2409,Unknown,Quercus_glauca,3,1,262
OTU97_243,EcM,Quercus_glauca,3,1,262
OTU97_339,Unknown,Quercus_glauca,3,1,262
OTU97_357,EcM,Quercus_glauca,3,1,262
OTU97_361,Unknown,Quercus_glauca,3,1,262
OTU97_389,Unknown,Quercus_glauca,3,1,262
OTU97_465,EcM,Quercus_glauca,3,1,262
OTU97_47,Unknown,Quercus_glauca,3,1,262
OTU97_513,Unknown,Quercus_glauca,3,1,262
OTU97_529,Unknown,Quercus_glauca,3,1,262
OTU97_579,Unknown,Quercus_glauca,3,1,262
OTU97_581,Unknown,Quercus_glauca,3,1,262
OTU97_603,Unknown,Quercus_glauca,3,1,262
OTU97_635,Unknown,Quercus_glauca,3,1,262
OTU97_683,Unknown,Quercus_glauca,3,1,262
OTU97_701,Unknown,Quercus_glauca,3,1,262
OTU97_703,Unknown,Quercus_glauca,3,1,262
OTU97_721,Unknown,Quercus_glauca,3,1,262
OTU97_723,Unknown,Quercus_glauca,3,1,262
OTU97_735,EcM,Quercus_glauca,3,1,262
OTU97_753,EcM,Quercus_glauca,3,1,262
OTU97_759,Unknown,Quercus_glauca,3,1,262
OTU97_813,Unknown,Quercus_glauca,3,1,262
OTU97_827,Unknown,Quercus_glauca,3,1,262
OTU97_871,Unknown,Quercus_glauca,3,1,262
OTU97_917,Unknown,Quercus_glauca,3,1,262
OTU97_953,Unknown,Quercus_glauca,3,1,262
OTU97_997,Unknown,Quercus_glauca,3,1,262
OTU97_115,Unknown,Quercus_glauca,3,1,262
OTU97_1193,Unknown,Quercus_glauca,3,2,262
OTU97_1205,Unknown,Quercus_glauca,3,1,262
OTU97_1233,Unknown,Quercus_glauca,3,1,262
OTU97_1353,EcM,Quercus_glauca,3,1,262
OTU97_1371,EcM,Quercus_glauca,3,1,262
OTU97_1755,EcM,Quercus_glauca,3,1,262
OTU97_461,Unknown,Quercus_glauca,3,1,262
OTU97_567,Unknown,Quercus_glauca,3,2,262
OTU97_63,Unknown,Quercus_glauca,3,1,262
OTU97_653,EcM,Quercus_glauca,3,1,262
OTU97_833,Unknown,Quercus_glauca,3,1,262
OTU97_927,Unknown,Quercus_glauca,3,2,262
OTU97_961,Unknown,Quercus_glauca,3,1,262
OTU97_1027,EcM,Quercus_glauca,3,1,262
OTU97_1163,Unknown,Quercus_glauca,3,1,262
OTU97_1189,EcM,Quercus_glauca,3,3,262
OTU97_1209,Unknown,Quercus_glauca,3,1,262
OTU97_1251,EcM,Quercus_glauca,3,1,262
OTU97_1257,EcM,Quercus_glauca,3,3,262
OTU97_1313,EcM,Quercus_glauca,3,2,262
OTU97_1375,Unknown,Quercus_glauca,3,1,262
OTU97_1407,EcM,Quercus_glauca,3,1,262
OTU97_1409,EcM,Quercus_glauca,3,3,262
OTU97_1419,EcM,Quercus_glauca,3,1,262
OTU97_1591,EcM,Quercus_glauca,3,1,262
OTU97_1621,Unknown,Quercus_glauca,3,1,262
OTU97_181,Unknown,Quercus_glauca,3,2,262
OTU97_2041,Unknown,Quercus_glauca,3,1,262
OTU97_2359,Unknown,Quercus_glauca,3,2,262
OTU97_591,EcM,Quercus_glauca,3,3,262
OTU97_691,EcM,Quercus_glauca,3,2,262
OTU97_881,Unknown,Quercus_glauca,3,1,262
OTU97_899,Unknown,Quercus_glauca,3,1,262
OTU97_1269,EcM,Quercus_glauca,3,1,262
OTU97_1315,EcM,Quercus_glauca,3,1,262
OTU97_1319,EcM,Quercus_glauca,3,1,262
OTU97_1397,Unknown,Quercus_glauca,3,1,262
OTU97_1413,Unknown,Quercus_glauca,3,1,262
OTU97_271,Unknown,Quercus_glauca,3,1,262
OTU97_493,Unknown,Quercus_glauca,3,2,262
OTU97_561,EcM,Quercus_glauca,3,2,262
OTU97_643,Unknown,Quercus_glauca,3,1,262
OTU97_655,Unknown,Quercus_glauca,3,1,262
OTU97_1287,EcM,Quercus_glauca,3,2,262
OTU97_137,Unknown,Quercus_glauca,3,2,262
OTU97_1429,EcM,Quercus_glauca,3,2,262
OTU97_483,EcM,Quercus_glauca,3,1,262
OTU97_605,Unknown,Quercus_glauca,3,1,262
OTU97_1153,Unknown,Quercus_glauca,3,2,262
OTU97_1231,Unknown,Quercus_glauca,3,3,262
OTU97_2005,Unknown,Quercus_glauca,3,2,262
OTU97_425,EcM,Quercus_glauca,3,5,262
OTU97_71,Unknown,Quercus_glauca,3,1,262
OTU97_1155,EcM,Quercus_glauca,3,5,262
OTU97_1343,EcM,Quercus_glauca,3,2,262
OTU97_1421,Unknown,Quercus_glauca,3,6,262
OTU97_1199,Unknown,Quercus_glauca,3,1,262
OTU97_2071,Unknown,Quercus_glauca,3,6,262
OTU97_1299,Unknown,Quercus_glauca,3,3,262
OTU97_2249,EcM,Quercus_glauca,3,1,262
OTU97_337,Unknown,Quercus_glauca,3,1,262
OTU97_1235,EcM,Quercus_glauca,3,8,262
OTU97_1243,EcM,Quercus_glauca,3,3,262
OTU97_1379,Unknown,Quercus_glauca,3,4,262
OTU97_1211,Unknown,Quercus_glauca,3,3,262
OTU97_1289,EcM,Quercus_glauca,3,9,262
OTU97_1385,EcM,Quercus_glauca,3,6,262
OTU97_1783,Unknown,Quercus_glauca,3,2,262
OTU97_227,Unknown,Quercus_glauca,3,7,262
OTU97_1237,AM,Quercus_glauca,3,1,262
OTU97_1225,Unknown,Quercus_glauca,3,4,262
OTU97_1267,EcM,Quercus_glauca,3,3,262
OTU97_505,EcM,Quercus_glauca,3,4,262
OTU97_1165,EcM,Quercus_glauca,3,5,262
OTU97_1229,Unknown,Quercus_glauca,3,6,262
OTU97_1395,Unknown,Quercus_glauca,3,3,262
OTU97_695,Unknown,Quercus_glauca,3,3,262
OTU97_539,Unknown,Quercus_glauca,3,2,262
OTU97_1223,EcM,Quercus_glauca,3,3,262
OTU97_1303,Unknown,Quercus_glauca,3,3,262
OTU97_249,EcM,Quercus_glauca,3,2,262
OTU97_1151,EcM,Quercus_glauca,3,3,262
OTU97_2159,EcM,Quercus_glauca,3,5,262
OTU97_5,EcM,Quercus_glauca,3,7,262
OTU97_937,Unknown,Quercus_glauca,3,4,262
OTU97_761,Unknown,Quercus_glauca,3,8,262
OTU97_2293,EcM,Quercus_glauca,3,1,262
OTU97_1915,Unknown,Quercus_glauca,3,2,262
OTU97_2181,Unknown,Quercus_glauca,3,3,262
OTU97_517,Unknown,Quercus_glauca,3,1,262
OTU97_747,Unknown,Quercus_glauca,3,3,262
OTU97_481,Unknown,Quercus_glauca,3,9,262
OTU97_93,Unknown,Quercus_glauca,3,8,262
OTU97_1117,Unknown,Quercus_glauca,3,7,262
OTU97_27,Unknown,Quercus_glauca,3,25,262
OTU97_783,EcM,Quercus_glauca,3,19,262
OTU97_1207,Unknown,Quercus_glauca,3,11,262
OTU97_495,EcM,Quercus_glauca,3,14,262
OTU97_503,EcM,Quercus_glauca,3,23,262
OTU97_939,EcM,Quercus_glauca,3,9,262
OTU97_1389,Unknown,Quercus_glauca,3,8,262
OTU97_1959,Unknown,Quercus_glauca,3,7,262
OTU97_491,EcM,Quercus_glauca,3,47,262
OTU97_1177,EcM,Quercus_glauca,3,28,262
OTU97_651,EcM,Quercus_glauca,3,29,262
OTU97_1401,EcM,Quercus_glauca,3,29,262
OTU97_1449,Unknown,Quercus_glauca,3,37,262
OTU97_447,Unknown,Quercus_glauca,3,48,262
OTU97_1983,Unknown,Quercus_glauca,3,50,262
OTU97_2115,Unknown,Quercus_glauca,3,33,262
OTU97_1011,EcM,Quercus_serrata,3,1,213
OTU97_1167,Unknown,Quercus_serrata,3,1,213
OTU97_1179,Unknown,Quercus_serrata,3,1,213
OTU97_1191,Unknown,Quercus_serrata,3,1,213
OTU97_1197,Unknown,Quercus_serrata,3,1,213
OTU97_1273,Unknown,Quercus_serrata,3,1,213
OTU97_1359,Unknown,Quercus_serrata,3,1,213
OTU97_141,Unknown,Quercus_serrata,3,1,213
OTU97_1593,Unknown,Quercus_serrata,3,1,213
OTU97_1609,Unknown,Quercus_serrata,3,1,213
OTU97_1649,Unknown,Quercus_serrata,3,1,213
OTU97_1665,Unknown,Quercus_serrata,3,1,213
OTU97_1819,Unknown,Quercus_serrata,3,1,213
OTU97_1829,Unknown,Quercus_serrata,3,1,213
OTU97_1849,Unknown,Quercus_serrata,3,1,213
OTU97_1879,Unknown,Quercus_serrata,3,1,213
OTU97_1885,Unknown,Quercus_serrata,3,1,213
OTU97_1927,EcM,Quercus_serrata,3,1,213
OTU97_1943,Unknown,Quercus_serrata,3,1,213
OTU97_1951,Unknown,Quercus_serrata,3,1,213
OTU97_1953,Unknown,Quercus_serrata,3,1,213
OTU97_2009,Unknown,Quercus_serrata,3,1,213
OTU97_2023,Unknown,Quercus_serrata,3,1,213
OTU97_2075,Unknown,Quercus_serrata,3,1,213
OTU97_2097,Unknown,Quercus_serrata,3,1,213
OTU97_2119,Unknown,Quercus_serrata,3,1,213
OTU97_215,EcM,Quercus_serrata,3,1,213
OTU97_2231,Unknown,Quercus_serrata,3,1,213
OTU97_2241,EcM,Quercus_serrata,3,1,213
OTU97_2289,Unknown,Quercus_serrata,3,1,213
OTU97_2295,Unknown,Quercus_serrata,3,1,213
OTU97_2325,Unknown,Quercus_serrata,3,1,213
OTU97_25,Unknown,Quercus_serrata,3,1,213
OTU97_297,Unknown,Quercus_serrata,3,1,213
OTU97_333,Unknown,Quercus_serrata,3,1,213
OTU97_341,EcM,Quercus_serrata,3,1,213
OTU97_353,Unknown,Quercus_serrata,3,1,213
OTU97_383,Unknown,Quercus_serrata,3,1,213
OTU97_423,Unknown,Quercus_serrata,3,1,213
OTU97_515,Unknown,Quercus_serrata,3,1,213
OTU97_55,EcM,Quercus_serrata,3,1,213
OTU97_601,Unknown,Quercus_serrata,3,1,213
OTU97_611,EcM,Quercus_serrata,3,1,213
OTU97_725,Unknown,Quercus_serrata,3,1,213
OTU97_773,Unknown,Quercus_serrata,3,1,213
OTU97_775,Unknown,Quercus_serrata,3,1,213
OTU97_851,Unknown,Quercus_serrata,3,1,213
OTU97_895,Unknown,Quercus_serrata,3,1,213
OTU97_925,Unknown,Quercus_serrata,3,1,213
OTU97_99,Unknown,Quercus_serrata,3,1,213
OTU97_1071,Unknown,Quercus_serrata,3,1,213
OTU97_115,Unknown,Quercus_serrata,3,1,213
OTU97_1349,Unknown,Quercus_serrata,3,1,213
OTU97_1371,EcM,Quercus_serrata,3,1,213
OTU97_1393,EcM,Quercus_serrata,3,2,213
OTU97_1581,Unknown,Quercus_serrata,3,1,213
OTU97_1631,EcM,Quercus_serrata,3,2,213
OTU97_1635,Unknown,Quercus_serrata,3,2,213
OTU97_2027,Unknown,Quercus_serrata,3,1,213
OTU97_217,EcM,Quercus_serrata,3,1,213
OTU97_315,EcM,Quercus_serrata,3,2,213
OTU97_471,Unknown,Quercus_serrata,3,1,213
OTU97_653,EcM,Quercus_serrata,3,1,213
OTU97_681,Unknown,Quercus_serrata,3,1,213
OTU97_819,Unknown,Quercus_serrata,3,1,213
OTU97_837,Unknown,Quercus_serrata,3,2,213
OTU97_891,EcM,Quercus_serrata,3,1,213
OTU97_961,Unknown,Quercus_serrata,3,1,213
OTU97_1163,Unknown,Quercus_serrata,3,2,213
OTU97_1209,Unknown,Quercus_serrata,3,1,213
OTU97_1245,Unknown,Quercus_serrata,3,2,213
OTU97_1251,EcM,Quercus_serrata,3,2,213
OTU97_1261,EcM,Quercus_serrata,3,3,213
OTU97_1281,EcM,Quercus_serrata,3,2,213
OTU97_1313,EcM,Quercus_serrata,3,1,213
OTU97_1407,EcM,Quercus_serrata,3,2,213
OTU97_1419,EcM,Quercus_serrata,3,2,213
OTU97_1431,Unknown,Quercus_serrata,3,2,213
OTU97_1621,Unknown,Quercus_serrata,3,1,213
OTU97_181,Unknown,Quercus_serrata,3,1,213
OTU97_2041,Unknown,Quercus_serrata,3,2,213
OTU97_2359,Unknown,Quercus_serrata,3,1,213
OTU97_553,Unknown,Quercus_serrata,3,1,213
OTU97_691,EcM,Quercus_serrata,3,1,213
OTU97_791,Unknown,Quercus_serrata,3,3,213
OTU97_881,Unknown,Quercus_serrata,3,2,213
OTU97_1269,EcM,Quercus_serrata,3,2,213
OTU97_1275,Unknown,Quercus_serrata,3,2,213
OTU97_1319,EcM,Quercus_serrata,3,3,213
OTU97_1365,Unknown,Quercus_serrata,3,2,213
OTU97_1397,Unknown,Quercus_serrata,3,1,213
OTU97_1413,Unknown,Quercus_serrata,3,2,213
OTU97_403,EcM,Quercus_serrata,3,4,213
OTU97_493,Unknown,Quercus_serrata,3,2,213
OTU97_643,Unknown,Quercus_serrata,3,2,213
OTU97_655,Unknown,Quercus_serrata,3,2,213
OTU97_1241,EcM,Quercus_serrata,3,3,213
OTU97_1287,EcM,Quercus_serrata,3,1,213
OTU97_1311,EcM,Quercus_serrata,3,3,213
OTU97_137,Unknown,Quercus_serrata,3,1,213
OTU97_2271,Unknown,Quercus_serrata,3,4,213
OTU97_483,EcM,Quercus_serrata,3,3,213
OTU97_1153,Unknown,Quercus_serrata,3,1,213
OTU97_1231,Unknown,Quercus_serrata,3,1,213
OTU97_1337,Unknown,Quercus_serrata,3,6,213
OTU97_2005,Unknown,Quercus_serrata,3,1,213
OTU97_853,Unknown,Quercus_serrata,3,1,213
OTU97_1155,EcM,Quercus_serrata,3,1,213
OTU97_1171,EcM,Quercus_serrata,3,1,213
OTU97_1343,EcM,Quercus_serrata,3,4,213
OTU97_1199,Unknown,Quercus_serrata,3,2,213
OTU97_1323,EcM,Quercus_serrata,3,6,213
OTU97_1369,Unknown,Quercus_serrata,3,1,213
OTU97_767,EcM,Quercus_serrata,3,4,213
OTU97_1299,Unknown,Quercus_serrata,3,2,213
OTU97_2249,EcM,Quercus_serrata,3,2,213
OTU97_1243,EcM,Quercus_serrata,3,5,213
OTU97_1379,Unknown,Quercus_serrata,3,2,213
OTU97_1211,Unknown,Quercus_serrata,3,6,213
OTU97_1289,EcM,Quercus_serrata,3,2,213
OTU97_1385,EcM,Quercus_serrata,3,3,213
OTU97_227,Unknown,Quercus_serrata,3,4,213
OTU97_1237,AM,Quercus_serrata,3,1,213
OTU97_1225,Unknown,Quercus_serrata,3,8,213
OTU97_1267,EcM,Quercus_serrata,3,1,213
OTU97_2137,Unknown,Quercus_serrata,3,9,213
OTU97_505,EcM,Quercus_serrata,3,8,213
OTU97_1165,EcM,Quercus_serrata,3,6,213
OTU97_1229,Unknown,Quercus_serrata,3,2,213
OTU97_1253,Unknown,Quercus_serrata,3,1,213
OTU97_1395,Unknown,Quercus_serrata,3,5,213
OTU97_695,Unknown,Quercus_serrata,3,6,213
OTU97_539,Unknown,Quercus_serrata,3,3,213
OTU97_1223,EcM,Quercus_serrata,3,8,213
OTU97_1303,Unknown,Quercus_serrata,3,3,213
OTU97_249,EcM,Quercus_serrata,3,10,213
OTU97_1151,EcM,Quercus_serrata,3,4,213
OTU97_1265,Unknown,Quercus_serrata,3,2,213
OTU97_2159,EcM,Quercus_serrata,3,5,213
OTU97_5,EcM,Quercus_serrata,3,4,213
OTU97_937,Unknown,Quercus_serrata,3,4,213
OTU97_761,Unknown,Quercus_serrata,3,11,213
OTU97_2293,EcM,Quercus_serrata,3,20,213
OTU97_1915,Unknown,Quercus_serrata,3,3,213
OTU97_2181,Unknown,Quercus_serrata,3,4,213
OTU97_517,Unknown,Quercus_serrata,3,1,213
OTU97_481,Unknown,Quercus_serrata,3,10,213
OTU97_93,Unknown,Quercus_serrata,3,6,213
OTU97_1117,Unknown,Quercus_serrata,3,7,213
OTU97_27,Unknown,Quercus_serrata,3,14,213
OTU97_783,EcM,Quercus_serrata,3,1,213
OTU97_1207,Unknown,Quercus_serrata,3,6,213
OTU97_495,EcM,Quercus_serrata,3,23,213
OTU97_503,EcM,Quercus_serrata,3,12,213
OTU97_939,EcM,Quercus_serrata,3,12,213
OTU97_1389,Unknown,Quercus_serrata,3,4,213
OTU97_1959,Unknown,Quercus_serrata,3,6,213
OTU97_491,EcM,Quercus_serrata,3,4,213
OTU97_1177,EcM,Quercus_serrata,3,12,213
OTU97_651,EcM,Quercus_serrata,3,29,213
OTU97_1401,EcM,Quercus_serrata,3,14,213
OTU97_1449,Unknown,Quercus_serrata,3,38,213
OTU97_447,Unknown,Quercus_serrata,3,44,213
OTU97_1983,Unknown,Quercus_serrata,3,45,213
OTU97_2115,Unknown,Quercus_serrata,3,24,213
OTU97_853,Unknown,Rhododendron_macrosepalum,2,1,1
OTU97_1223,EcM,Rhododendron_macrosepalum,2,1,1
OTU97_1499,Unknown,Smilax_china,7,1,6
OTU97_2207,Unknown,Smilax_china,7,1,6
OTU97_2243,Unknown,Smilax_china,7,1,6
OTU97_1157,Unknown,Smilax_china,7,2,6
OTU97_279,Unknown,Smilax_china,7,1,6
OTU97_819,Unknown,Smilax_china,7,1,6
OTU97_271,Unknown,Smilax_china,7,1,6
OTU97_2227,Unknown,Smilax_china,7,1,6
OTU97_605,Unknown,Smilax_china,7,1,6
OTU97_1171,EcM,Smilax_china,7,1,6
OTU97_1229,Unknown,Smilax_china,7,1,6
OTU97_1395,Unknown,Smilax_china,7,1,6
OTU97_539,Unknown,Smilax_china,7,1,6
OTU97_93,Unknown,Smilax_china,7,2,6
OTU97_1207,Unknown,Smilax_china,7,1,6
OTU97_939,EcM,Smilax_china,7,1,6
OTU97_1983,Unknown,Smilax_china,7,1,6
OTU97_2115,Unknown,Smilax_china,7,4,6
OTU97_2223,AM,Maleae_sp.,7,1,8
OTU97_2413,EcM,Maleae_sp.,7,1,8
OTU97_435,Unknown,Maleae_sp.,7,1,8
OTU97_795,Unknown,Maleae_sp.,7,1,8
OTU97_829,AM,Maleae_sp.,7,1,8
OTU97_1267,EcM,Maleae_sp.,7,1,8
OTU97_1223,EcM,Maleae_sp.,7,1,8
OTU97_1265,Unknown,Maleae_sp.,7,1,8
OTU97_2181,Unknown,Maleae_sp.,7,1,8
OTU97_93,Unknown,Maleae_sp.,7,1,8
OTU97_1117,Unknown,Maleae_sp.,7,1,8
OTU97_939,EcM,Maleae_sp.,7,1,8
OTU97_1449,Unknown,Maleae_sp.,7,2,8
OTU97_2115,Unknown,Maleae_sp.,7,5,8
OTU97_2181,Unknown,Toxicodendron_sp.,8,1,1
OTU97_57,Unknown,Vaccinium_bracteatum,7,1,2
OTU97_359,Unknown,Vaccinium_bracteatum,7,1,2
OTU97_777,Unknown,Vaccinium_bracteatum,7,1,2
OTU97_939,EcM,Vaccinium_bracteatum,7,2,2
OTU97_1449,Unknown,Vaccinium_bracteatum,7,1,2
OTU97_279,Unknown,Hypnales_sp.,2,1,1
OTU97_271,Unknown,Hypnales_sp.,2,1,1
OTU97_853,Unknown,Hypnales_sp.,2,1,1
OTU97_783,EcM,Hypnales_sp.,2,1,1